french,english,occurrences,files
"Description","",101,"audit/detail_audit copie 2.html, audit/detail.html, veille/rapport_actions_a_faire.html... (+28 autres)"
"Critique","",68,"cartographie/evaluation_triphase copie.html, kri/detail.html, cartographie/detail copie 4.html... (+13 autres)"
"Faible","",52,"cartographie/evaluation_triphase copie.html, veille/detail_veille.html, cartographie/detail copie 4.html... (+9 autres)"
"Élevé","",52,"cartographie/evaluation_triphase copie.html, veille/detail_veille.html, cartographie/detail copie 4.html... (+9 autres)"
"Responsable","",51,"audit/plans_action.html, veille/detail_veille.html, kri/detail.html... (+13 autres)"
"Non évalué","",50,"cartographie/evaluation_triphase copie.html, veille/detail_veille.html, cartographie/detail copie.html... (+14 autres)"
"Catégorie","",47,"cartographie/detail copie 4.html, audit/detail_audit copie 2.html, cartographie/detail copie 6.html... (+16 autres)"
"Référence","",43,"cartographie/evaluation_triphase copie.html, cartographie/detail copie.html, audit/detail_audit copie 2.html... (+13 autres)"
"Non assigné","",34,"audit/plans_action.html, audit/rapport_complet.html, audit/detail_audit copie 2.html... (+5 autres)"
"Non définie","",32,"veille/detail_veille.html, audit/rapport_complet.html, audit/detail_audit copie 2.html... (+6 autres)"
"Terminé","",32,"audit/plans_action.html, veille/detail_veille.html, audit/detail_audit copie 2.html... (+9 autres)"
"Direction","",28,"logigramme/editeur_logigramme.html, cartographie/detail copie 4.html, rapports/index.html... (+10 autres)"
"Administration","",25,"admin/utilisateurs.html, base.html, admin/parametres_evaluation.html... (+9 autres)"
"Rôle","",25,"admin/utilisateurs.html, audit/detail_audit copie 2.html, admin/dashboard.html... (+9 autres)"
"Identique","",24,"cartographie/evaluation_triphase copie.html, cartographie/evaluation_triphase.html"
"Créé le","",23,"logigramme/editeur_logigramme.html, super_admin/dashboard.html, admin/utilisateurs.html... (+10 autres)"
"Département","",22,"admin/utilisateurs.html, audit/detail_audit copie 2.html, admin/dashboard.html... (+8 autres)"
"Intitulé","",22,"cartographie/evaluation_triphase copie.html, cartographie/detail copie.html, audit/detail_audit copie 2.html... (+8 autres)"
"Probabilité","",21,"cartographie/evaluation_triphase copie.html, admin/parametres_evaluation.html, cartographie/evaluation_triphase.html... (+3 autres)"
"Conformité","",19,"home copie 3.html, audit/detail_audit copie 2.html, audit/detail.html... (+6 autres)"
"Recommendation","",18,"audit/detail.html, audit/detail_audit copie 2.html, audit/detail_audit.html... (+2 autres)"
"Retardé","",18,"audit/plans_action.html, audit/detail_audit copie 2.html, audit/detail_audit.html... (+3 autres)"
"Éléments","",18,"logigramme/editeur_logigramme.html, logigramme/editeur_logigramme copie 2.html, logigramme/archive_logigrammes.html... (+4 autres)"
"Last connection","",17,"admin/utilisateurs.html, admin/dashboard.html, super_admin/management.html... (+6 autres)"
"Sécurité","",17,"audit/preferences_notifications.html, admin/parametrage/parametrage_risque.html, audit/checklist.html... (+6 autres)"
"En action","",16,"audit/detail_audit copie.html, audit/detail_audit.html, audit/detail_audit copie 2.html"
"Observation","",16,"audit/detail_audit copie.html, audit/detail.html, audit/detail_audit.html... (+1 autres)"
"RÉFÉRENCE","",16,"cartographie/detail copie 4.html, audits.html, cartographie/detail.html... (+5 autres)"
"À analyser","",16,"audit/detail_audit copie.html, audit/detail_audit.html, audit/detail_audit copie 2.html"
"À valider","",16,"audit/detail_audit copie.html, audit/detail_audit.html, audit/detail_audit copie 2.html"
"Échéance","",16,"veille/detail_veille.html, audit/detail_audit copie 2.html, veille/liste.html... (+4 autres)"
"User management","",15,"admin/nouveau_template.html, gestionnaire/gerer_permissions.html, client_admin/utilisateurs.html... (+5 autres)"
"Amélioration","",14,"audit/detail_audit copie.html, audit/detail.html, audit/detail_audit.html... (+1 autres)"
"Corrective","",14,"audit/detail_audit copie.html, audit/detail.html, audit/detail_audit.html... (+1 autres)"
"Gravité","",14,"audit/detail_audit copie.html, audit/detail.html, audit/detail_audit.html... (+1 autres)"
"INTITULÉ","",14,"cartographie/detail copie 4.html, cartographie/detail.html, audit/dashboard.html... (+4 autres)"
"No recommendation","",14,"audit/detail_audit copie.html, audit/rapport_complet.html, audit/detail_audit.html... (+1 autres)"
"Précédent","",14,"kri/detail.html, notifications/liste.html, questionnaire/reponses.html... (+4 autres)"
"Préventive","",14,"audit/detail_audit copie.html, audit/detail.html, audit/detail_audit.html... (+1 autres)"
"Confirmation","",13,"logigramme/editeur_logigramme.html, cartographie/evaluation_triphase copie.html, logigramme/editeur_logigramme copie 2.html... (+7 autres)"
"Risk Distribution","",13,"cartographie/detail copie 4.html, dashboard copie.html, dashboard.html... (+4 autres)"
"CATÉGORIE","",12,"cartographie/detail copie 4.html, cartographie/detail.html, audit/dashboard.html... (+3 autres)"
"Certifié","",12,"home copie 2.html, home.html, home copie.html... (+1 autres)"
"General Information","",12,"audit/detail_audit copie 2.html, audit/detail.html, risque/detail_parametrable.html... (+5 autres)"
"Prioritization","",12,"audit/rapport_complet.html, cartographie/detail copie 4.html, audit/detail_audit.html... (+3 autres)"
"Période","",12,"audit/notifications.html, client_admin/usage.html, audit/journal.html... (+3 autres)"
"Select a direction","",12,"logigramme/editeur_logigramme.html, logigramme/editeur_logigramme copie 2.html, logigramme/editeur_logigramme copie 4.html... (+3 autres)"
"Validation","",12,"cartographie/evaluation_triphase copie.html, cartographie/evaluation_triphase.html, audit/journal.html"
"Voir détail","",12,"cartographie/detail copie 4.html, cartographie/detail.html, cartographie/detail copie 2.html... (+5 autres)"
"All risks require attention","",11,"cartographie/detail copie 4.html, cartographie/detail.html, cartographie/detail copie 2.html... (+3 autres)"
"Archivé","",11,"cartographie/evaluation_triphase copie.html, cartographie/evaluation_triphase.html, cartographie/risque_detail.html... (+2 autres)"
"Criticité","",11,"cartographie/detail copie 4.html, cartographie/detail.html, cartographie/detail copie 6.html... (+3 autres)"
"Documentation","",11,"home copie 3.html, risque/detail_parametrable.html, home copie 2.html... (+4 autres)"
"New Recommendation","",11,"audit/detail_audit copie.html, audit/detail.html, audit/detail_audit.html... (+1 autres)"
"Référence:","",11,"risque/detail_parametrable.html, veille/liste.html, veille/calendrier.html... (+5 autres)"
"amelioration","",11,"audit/detail_audit copie.html, audit/detail.html, audit/detail_audit.html... (+1 autres)"
"Affectation","",10,"logigramme/editeur_logigramme.html, logigramme/editeur_logigramme copie 2.html, logigramme/editeur_logigramme copie 4.html... (+2 autres)"
"Carrières","",10,"home copie 3.html, home copie 2.html, landing.html... (+2 autres)"
"Confirm deletion","",10,"admin/utilisateurs.html, questionnaire/reponses.html, admin/dashboard.html... (+2 autres)"
"Créer KRI","",10,"cartographie/detail copie 4.html, cartographie/detail.html, cartographie/detail copie 6.html... (+5 autres)"
"Créé le :","",10,"client_admin/editer_utilisateur.html, audit/detail_audit copie 2.html, admin/editer_template.html... (+5 autres)"
"Début","",10,"logigramme/editeur_logigramme.html, audit/detail_audit copie 2.html, client_admin/usage.html... (+6 autres)"
"Immédiat","",10,"audit/detail_audit copie.html, audit/detail_audit.html, audit/detail_audit copie 2.html"
"Libellé *","",10,"logigramme/editeur_logigramme.html, logigramme/editeur_logigramme copie 2.html, logigramme/editeur_logigramme copie 4.html... (+2 autres)"
"Position","",10,"logigramme/editeur_logigramme.html, logigramme/editeur_logigramme copie 2.html, logigramme/editeur_logigramme copie 4.html... (+2 autres)"
"Pre-assessment","",10,"cartographie/evaluation_triphase copie.html, cartographie/evaluation_triphase.html"
"User deletion","",10,"client_admin/utilisateurs.html, gestionnaire/gerer_permissions.html, client_admin/utilisateurs2.html... (+2 autres)"
"À faire","",10,"veille/liste.html, veille/rapport.html, veille/rapport_actions_a_faire.html... (+2 autres)"
"À propos","",10,"home copie 3.html, home copie 2.html, landing.html... (+2 autres)"
"À traiter","",10,"audit/detail_audit copie.html, audit/detail_audit.html, audit/detail_audit copie 2.html"
"Audit Management","",9,"home copie 2.html, home.html, home copie.html... (+1 autres)"
"Classique","",9,"cartographie/detail copie 4.html, cartographie/detail.html, cartographie/detail copie 6.html... (+2 autres)"
"Détails","",9,"audit/detail_audit copie 2.html, veille/liste.html, kri/liste.html... (+4 autres)"
"Référence :","",9,"veille/detail_veille.html, audit/rapport_complet.html, audit/detail_audit copie 2.html... (+4 autres)"
"Télécharger","",9,"kri/detail.html, audit/detail_audit copie 2.html, veille/liste.html... (+3 autres)"
"critique","",9,"audit/detail_audit copie.html, audit/detail.html, audit/detail_audit.html... (+1 autres)"
"À évaluer","",9,"cartographie/detail.html, cartographie/detail copie 6.html, cartographie/evaluer_tous.html"
"Bordeaux table","",8,"cartographie/detail copie.html, cartographie/detail copie 4.html, cartographie/detail copie 6.html... (+2 autres)"
"Cartography Information","",8,"cartographie/detail copie 5.html, cartographie/form copie.html, cartographie/detail copie 4.html... (+1 autres)"
"Coché","",8,"risque/detail_parametrable.html, cartographie/risque_form.html, cartographie/risque_detail.html"
"Create the recommendation","",8,"audit/detail_audit copie.html, audit/detail_audit.html, audit/detail_audit copie 2.html"
"Créée le","",8,"cartographie/detail copie 5.html, cartographie/detail copie 4.html, cartographie/detail copie 6.html... (+1 autres)"
"Demonstration","",8,"home copie.html, home copie 3.html"
"Fonction","",8,"audit/detail_audit.html, audit/detail_audit copie 2.html"
"Gravité *","",8,"audit/detail_audit copie.html, audit/detail_audit.html, audit/detail_audit copie 2.html"
"Intitulé:","",8,"risque/detail_parametrable.html, cartographie/matrice_risque.html, cartographie/matrice_risque copie.html... (+2 autres)"
"No data available","",8,"cartographie/detail.html"
"Opportunity for improvement","",8,"audit/detail_audit copie.html, audit/detail_audit.html, audit/detail_audit copie 2.html"
"Organization","",8,"audit/detail_audit.html, audit/detail_audit copie 2.html"
"Phase 1 - Pre-assessment","",8,"cartographie/evaluation_triphase copie.html, cartographie/risque_detail.html, cartographie/evaluation_triphase.html... (+1 autres)"
"Phase 2 - Validation","",8,"cartographie/evaluation_triphase copie.html, cartographie/risque_detail.html, cartographie/evaluation_triphase.html... (+1 autres)"
"Phase 3 - Confirmation","",8,"cartographie/evaluation_triphase copie.html, cartographie/risque_detail.html, cartographie/evaluation_triphase.html... (+1 autres)"
"Prénom *","",8,"audit/detail_audit.html, audit/detail_audit copie 2.html"
"Réponse:","",8,"questionnaire/detail_reponse.html"
"Téléphone","",8,"home.html, home copie 3.html"
"Témoignages","",8,"home copie 2.html, home copie.html"
"User information","",8,"client_admin/creer_utilisateur.html, super_admin/editer_utilisateur.html, client_admin/nouvel_utilisateur.html... (+1 autres)"
"observation","",8,"audit/detail_audit copie.html, audit/detail.html, audit/detail_audit.html... (+1 autres)"
"ÉVALUATION","",8,"cartographie/detail copie 5.html, cartographie/detail copie 4.html, cartographie/detail copie 6.html... (+1 autres)"
"Élevés","",8,"cartographie/detail copie 5.html, cartographie/detail copie 4.html, cartographie/detail copie 6.html... (+1 autres)"
"Action","",7,"logigramme/editeur_logigramme.html, logigramme/editeur_logigramme copie 2.html, logigramme/editeur_logigramme copie 4.html... (+3 autres)"
"Configuration","",7,"super_admin/client_detail.html, super_admin/nouveau_client.html, questionnaire/editer.html"
"Continuous improvement","",7,"audit/detail_audit copie.html, audit/checklist.html, audit/detail_audit.html... (+1 autres)"
"Créé le:","",7,"admin/parametrage/editer_champ.html, admin/utilisateurs_super_admin.html, logigramme/archive_logigrammes.html... (+1 autres)"
"Fin prévue","",7,"audit/detail_audit copie 2.html, audit/edit_audit.html, audit/detail_audit.html... (+2 autres)"
"Obligatoire","",7,"admin/parametrage/parametrage_champs.html, questionnaire/repondre.html, questionnaire/detail_reponse.html... (+1 autres)"
"Progression","",7,"audit/detail_plan_action.html, plans_action.html, audits.html... (+1 autres)"
"Utilisation","",7,"super_admin/formules/editer.html, client_admin/usage.html, client_admin/creer_utilisateur.html... (+1 autres)"
"Vous","",7,"admin/utilisateurs_super_admin.html, admin/utilisateurs.html, super_admin/management.html... (+1 autres)"
"corrective","",7,"audit/detail_audit copie.html, audit/detail.html, audit/detail_audit.html... (+1 autres)"
"preventive","",7,"audit/detail_audit copie.html, audit/detail.html, audit/detail_audit.html... (+1 autres)"
"Évaluer","",7,"cartographie/detail copie 4.html, _risk_actions.html, cartographie/detail copie 3.html... (+3 autres)"
"Catégorie:","",6,"cartographie/matrice_risque.html, cartographie/risque_detail.html, cartographie/risque_detail copie.html... (+1 autres)"
"Constatation","",6,"audit/detail_audit copie.html, audit/detail_audit.html, audit/detail_audit copie 2.html"
"Créer un KRI","",6,"cartographie/evaluation_triphase copie.html, cartographie/detail copie.html, cartographie/evaluation_triphase.html... (+3 autres)"
"Date début","",6,"questionnaire/reponses.html, plans_action.html"
"Deletion confirmation","",6,"kri/detail.html, kri/archives.html, audit/liste_analyses_ia.html... (+1 autres)"
"Document","",6,"cartographie/risque_form.html, kri/detail.html"
"General information","",6,"kri/detail.html, veille/detail_veille.html, logigramme/archive_logigrammes.html... (+1 autres)"
"Long description","",6,"admin/parametres_evaluation.html"
"Légende","",6,"cartographie/detail copie 4.html, cartographie/detail.html, cartographie/detail copie 6.html... (+2 autres)"
"Modifié le:","",6,"admin/parametrage/editer_champ.html, cartographie/risque_detail.html, admin/parametrage/editer_liste.html"
"New recommendation","",6,"audit/notifications.html, notifications/preferences.html"
"No description","",6,"cartographie/liste.html, audits.html, cartographie/archives.html... (+2 autres)"
"Not applicable","",6,"audit/matrice_maturite.html"
"Percentage of achievement","",6,"audit/detail_plan_action.html"
"Pourcentage","",6,"questionnaire/stats.html, veille/rapport.html"
"Process optimization","",6,"audit/detail_audit copie.html, audit/detail_audit.html, audit/detail_audit copie 2.html"
"Risk reduction","",6,"audit/detail_audit copie.html, audit/detail_audit.html, audit/detail_audit copie 2.html"
"Références","",6,"home.html, home copie 3.html"
"Status & Advancement","",6,"audit/detail_audit copie.html, audit/detail_audit.html, audit/detail_audit copie 2.html"
"Terminée","",6,"cartographie/evaluation_triphase copie.html, cartographie/evaluation_triphase.html, cartographie/detail.html"
"User Management","",6,"admin/dashboard.html, admin/utilisateurs.html, client_admin/gerer_permissions.html"
"Éditer","",6,"admin/utilisateurs.html, questionnaire/liste.html, admin/dashboard.html... (+3 autres)"
"Contrôle","",5,"logigramme/editeur_logigramme.html, logigramme/editeur_logigramme copie 2.html, logigramme/editeur_logigramme copie 4.html... (+2 autres)"
"Description détaillée de l","",5,"logigramme/editeur_logigramme.html, logigramme/editeur_logigramme copie 2.html, logigramme/editeur_logigramme copie 4.html... (+2 autres)"
"Edit Element","",5,"logigramme/editeur_logigramme.html, logigramme/editeur_logigramme copie 2.html, logigramme/editeur_logigramme copie 4.html... (+2 autres)"
"Fréquence","",5,"audit/resultat_analyse_ia.html, audit/preferences_notifications.html, kri/liste.html"
"Fréquence:","",5,"cartographie/risque_detail.html, kri/archives.html, cartographie/risque_detail copie.html"
"Graphique","",5,"kri/detail.html, questionnaire/stats.html, kri/liste.html"
"Remove selection","",5,"logigramme/editeur_logigramme.html, logigramme/editeur_logigramme copie 2.html, logigramme/editeur_logigramme copie 4.html... (+2 autres)"
"Saisissez le libellé de l","",5,"logigramme/editeur_logigramme.html, logigramme/editeur_logigramme copie 2.html, logigramme/editeur_logigramme copie 4.html... (+2 autres)"
"Sélection","",5,"logigramme/editeur_logigramme.html, logigramme/editeur_logigramme copie 2.html, logigramme/editeur_logigramme copie 4.html... (+2 autres)"
"Séparation","",5,"logigramme/editeur_logigramme.html, logigramme/editeur_logigramme copie 2.html, logigramme/editeur_logigramme copie 4.html... (+2 autres)"
"Terminées","",5,"veille/liste.html, veille/rapport_actions_a_faire.html, audit/gantt.html... (+1 autres)"
"Téléverser","",5,"risque/detail_parametrable.html, veille/liste.html, cartographie/risque_detail.html... (+1 autres)"
"Unit of measurement","",5,"kri/form.html, kri/detail.html, kri/modifier.html"
"document","",5,"cartographie/risque_form.html, kri/detail.html, audit/detail_audit.html... (+1 autres)"
"en_action","",5,"audit/detail_audit copie.html, audit/detail_audit.html, audit/detail_audit copie 2.html"
"État","",5,"kri/detail.html, audit/form_audit.html, audit/edit_audit.html"
"""L'intégration de l'IA pour l'analyse des risques nous made it possible to identify des patterns que nous aurions manqués manuellement.""","",4,"home copie 2.html, home copie.html"
"123 Avenue des Champs-Élysées, 75008 Paris, France","",4,"home copie 2.html, home copie.html"
"Abandonné","",4,"questionnaire/reponses.html, questionnaire/detail_reponse.html"
"Abandonnées","",4,"questionnaire/reponses.html"
"Abrogé","",4,"veille/liste.html"
"Accès :","",4,"home copie 2.html, home copie.html"
"Active","",4,"cartographie/detail.html, super_admin/formules/liste.html"
"Ajouté le","",4,"veille/liste.html, kri/detail.html"
"Analytique","",4,"home.html, home copie 3.html"
"Anomaly Detection","",4,"home copie 2.html, home.html, landing.html... (+1 autres)"
"Archivé le","",4,"cartographie/risques_archives.html, veille/archives.html"
"Archivée","",4,"admin/directions.html, admin/directions_archivees.html"
"Archivée le","",4,"veille/liste.html, veille/archives_actions.html"
"Archivés","",4,"logigramme/liste_logigrammes.html, audits.html"
"Associate management","",4,"logigramme/liste_logigrammes.html, logigramme/nouveau_logigramme.html"
"CRITIQUE","",4,"cartographie/detail copie 2.html, kri/detail.html"
"Campaign objective","",4,"cartographie/evaluation_triphase copie.html, cartographie/evaluation_triphase.html"
"Catégorie :","",4,"risque/detail_parametrable.html, cartographie/risque_detail.html"
"Cette année","",4,"logigramme/archive_logigrammes.html, audit/journal.html"
"Comment Pre-assessment","",4,"cartographie/evaluation_triphase copie.html, cartographie/evaluation_triphase.html"
"Comment Validation","",4,"cartographie/evaluation_triphase copie.html, cartographie/evaluation_triphase.html"
"Complete the assessment","",4,"cartographie/risque_detail.html, cartographie/risque_detail copie.html"
"Complètes","",4,"questionnaire/reponses.html"
"Créé par:","",4,"cartographie/risque_detail.html, cartographie/risque_detail copie.html"
"Créée le:","",4,"cartographie/detail copie.html, cartographie/detail copie 2.html, cartographie/choisir_cartographie.html"
"Customer information","",4,"super_admin/client_detail.html, super_admin/nouveau_client.html"
"Date de fin","",4,"cartographie/evaluation_triphase copie.html, cartographie/evaluation_triphase.html"
"Date début :","",4,"audit/detail_audit copie.html, audit/rapport_complet.html, audit/detail_audit.html... (+1 autres)"
"Durée :","",4,"home.html, home copie 3.html"
"Début prévu","",4,"audit/form_audit.html, audit/edit_audit.html"
"Début réel","",4,"audit/form_audit.html, audit/edit_audit.html"
"Dédié 24/7","",4,"home.html, home copie 3.html"
"EXCLUSIVE PRESENTATION","",4,"home.html, home copie 3.html"
"Edit recommendation","",4,"audit/detail_audit.html, audit/detail_audit copie 2.html"
"Export configuration","",4,"admin/parametrage/parametrage_risque.html, audit/export_rapport.html"
"Fin réelle","",4,"audit/form_audit.html, audit/edit_audit.html"
"Final Comment","",4,"cartographie/evaluation_triphase copie.html, cartographie/evaluation_triphase.html"
"Final Confirmation","",4,"cartographie/evaluation_triphase copie.html, cartographie/evaluation_triphase.html"
"Flowchart Information","",4,"logigramme/editeur_logigramme.html, logigramme/editeur_logigramme copie 2.html, logigramme/editeur_logigramme copie 4.html... (+1 autres)"
"IA Avancée","",4,"home.html, home copie 3.html"
"Image","",4,"cartographie/risque_form.html"
"In confirmation","",4,"cartographie/evaluation_triphase copie.html, cartographie/evaluation_triphase.html"
"In pre-assessment","",4,"cartographie/evaluation_triphase copie.html, cartographie/evaluation_triphase.html"
"In validation","",4,"cartographie/evaluation_triphase copie.html, cartographie/evaluation_triphase.html"
"Intelligent automation","",4,"home copie 2.html, home copie.html"
"Interpretation","",4,"cartographie/evaluation_triphase copie.html, cartographie/evaluation_triphase.html"
"No measurement","",4,"cartographie/evaluation_triphase copie.html, cartographie/evaluation_triphase.html"
"No reviews available","",4,"cartographie/risque_detail.html, cartographie/risque_detail copie.html"
"No statistical data available","",4,"kri/detail.html, questionnaire/stats.html"
"No users available","",4,"audit/detail_audit.html, audit/detail_audit copie 2.html"
"Nom affiché","",4,"admin/parametrage/parametrage_champs.html, admin/parametrage/parametrage_listes.html"
"Notre siège","",4,"home.html, home copie 3.html"
"Personal information","",4,"super_admin/my_profile.html, utilisateur/profil.html"
"Planifié","",4,"audit/liste.html, audit/rapports.html, audits.html"
"Preview not available","",4,"audit/detail_audit.html, audit/detail_audit copie 2.html"
"Priorité","",4,"audit/notifications.html, admin/recommandations_globales.html"
"Professional Level Business Solution","",4,"home copie 2.html, home copie.html"
"Qualité","",4,"kri/form.html, audit/checklist.html"
"Referent Pre-assessment","",4,"cartographie/evaluation_triphase copie.html, cartographie/evaluation_triphase.html"
"Regulation","",4,"veille/rapport_actions_a_faire.html, veille/archives_actions.html"
"Require immediate action","",4,"dashboard.html, dashboard copie 2.html"
"Result of the Pre-assessment","",4,"cartographie/evaluation_triphase copie.html, cartographie/evaluation_triphase.html"
"Satisfaction","",4,"home.html, home copie 3.html"
"Simplified collaboration","",4,"home copie 2.html, home copie.html"
"Société *","",4,"home.html, home copie 3.html"
"Standard Monitoring - Documentation","",4,"cartographie/evaluation_triphase copie.html, cartographie/evaluation_triphase.html"
"Summary of the Evaluation","",4,"cartographie/evaluation_triphase copie.html, cartographie/evaluation_triphase.html"
"THREE-PHASE RISK ASSESSMENT","",4,"cartographie/evaluation_triphase copie.html, cartographie/evaluation_triphase.html"
"Terminés","",4,"audit/plans_action.html, audit/liste.html"
"The score will appear after selection","",4,"cartographie/evaluation.html, cartographie/evaluation copie.html"
"Three Phase Risk Assessment","",4,"cartographie/evaluation_triphase copie.html, cartographie/evaluation_triphase.html"
"Unacceptable risk - Urgent treatment","",4,"cartographie/evaluation_triphase copie.html, cartographie/evaluation_triphase.html"
"Unité:","",4,"cartographie/risque_detail.html, cartographie/risque_detail copie.html"
"Validé","",4,"cartographie/evaluation_triphase copie.html, cartographie/evaluation_triphase.html"
"Your account is active","",4,"gestionnaire/editer_utilisateur.html, client_admin/editer_utilisateur.html"
"image","",4,"cartographie/risque_form.html, audit/detail_audit.html, audit/detail_audit copie 2.html"
"À revoir","",4,"cartographie/evaluation_triphase copie.html, cartographie/evaluation_triphase.html"
"Évaluateur","",4,"cartographie/risque_detail.html, cartographie/risque_detail copie.html"
"↲ Pre-assessment","",4,"cartographie/evaluation_triphase copie.html, cartographie/evaluation_triphase.html"
"Add a document","",3,"veille/liste.html, veille/detail_veille.html"
"Add recommendation","",3,"audit/detail_audit copie.html, audit/detail_audit.html, audit/detail_audit copie 2.html"
"Annulé","",3,"audit/liste.html, audit/rapports.html"
"Automated Bordeaux table","",3,"home copie 2.html, home.html, home copie.html"
"Avancement","",3,"audit/rapport_complet.html, audit/detail_plan_action.html"
"Catégories","",3,"questionnaire/editer.html, admin/recommandations_globales.html"
"Certified documentation","",3,"home copie 2.html, home.html, home copie.html"
"Code unique","",3,"questionnaire/nouveau.html, super_admin/formules/editer.html"
"Critères :","",3,"audit/detail_audit copie.html, audit/detail_audit.html, audit/detail_audit copie 2.html"
"Département:","",3,"admin/utilisateurs_super_admin.html, utilisateur/profil.html"
"Edit user information","",3,"admin/editer_utilisateur.html, client_admin/creer_gestionnaire.html"
"First Recommendation","",3,"audit/detail_audit copie.html, audit/detail_audit.html, audit/detail_audit copie 2.html"
"Historique","",3,"audit/resultat_analyse_ia.html, audit/preferences_notifications.html"
"Indépendants","",3,"kri/liste.html"
"Information","",3,"admin/service_form.html, cartographie/form copie.html, admin/direction_form.html"
"Mon Profil","",3,"super_admin/my_profile.html, utilisateur/profil.html"
"Nom du plan d","",3,"audit/detail_audit copie.html, audit/detail_audit.html, audit/detail_audit copie 2.html"
"Portée","",3,"audit/form_audit.html, audit/edit_audit.html"
"Portée :","",3,"audit/detail_audit copie.html, audit/detail_audit.html, audit/detail_audit copie 2.html"
"Restorable","",3,"kri/archives.html"
"Réessayer","",3,"errors/500.html, audit/detail_audit.html"
"Rôle :","",3,"super_admin/editer_utilisateur.html, client_admin/gerer_permissions.html"
"Éléments:","",3,"cartographie/evaluation_triphase copie.html, cartographie/evaluation_triphase.html, logigramme/archive_logigrammes.html"
"Évalué","",3,"cartographie/detail.html, cartographie/evaluer_tous.html"
"1. Création","",2,"audits.html"
"123 Avenue des Champs-Élysées","",2,"home.html, home copie 3.html"
"3 - Modéré:","",2,"cartographie/evaluation.html, cartographie/evaluation copie.html"
"3. Exécution","",2,"audits.html"
"4. Clôture","",2,"audits.html"
"API integration","",2,"landing.html"
"ASSOCIÉ VIA","",2,"audit/dashboard.html"
"Abonnement","",2,"super_admin/formules/editer.html"
"Accès rapide","",2,"errors/404.html"
"Active section","",2,"admin/parametres_evaluation.html"
"Activité","",2,"super_admin/clients.html"
"Activités","",2,"super_admin/client_detail.html"
"Activé","",2,"super_admin/formules/editer.html"
"Activée","",2,"super_admin/formules/editer.html"
"Add a sub-action","",2,"audit/detail_plan_action.html"
"Add actions for this regulation","",2,"veille/liste.html"
"Add an environment","",2,"super_admin/modals/client_modals.html"
"Add an overall recommendation","",2,"admin/recommandations_globales.html"
"Add at least 2 measurements to see the evolution","",2,"kri/liste.html"
"Add documents relating to this regulation","",2,"veille/liste.html"
"Add some from the administration","",2,"audit/rapport_complet.html"
"Ajouté par","",2,"audit/rapports.html"
"All data will be retained but inaccessible","",2,"gestionnaire/gerer_permissions.html, gestionnaire/utilisateurs.html"
"All those responsible","",2,"plans_action.html"
"Archived KRIs will appear in this section","",2,"kri/archives.html"
"Archivé le:","",2,"logigramme/archive_logigrammes.html, kri/archives.html"
"Archivé par","",2,"cartographie/risques_archives.html"
"Audit Configuration","",2,"audit/edit_audit.html"
"Audit Creation","",2,"audit/journal.html"
"Audits Available","",2,"audit/rapports.html"
"Automatic Bordeaux table","",2,"index.html, landing.html"
"Automatique","",2,"audit/gantt.html"
"Basic information","",2,"audit/detail_audit.html"
"CRÉATION","",2,"questionnaire/liste.html"
"Catégories:","",2,"questionnaire/importer.html"
"Change Direction","",2,"admin/directions.html"
"Change of recommendation","",2,"audit/journal.html"
"Choix unique","",2,"questionnaire/editer.html"
"Choose the plan that best suits your organization","",2,"home copie 2.html"
"Cliquez sur ""Add a file"" pour joindre des documents aux rapports d'audit","",2,"audit/rapports.html"
"Cliquez sur ""New Audit"" pour initier un nouveau programme d'audit.","",2,"audits.html"
"Clôturés","",2,"audits.html"
"Collaboration","",2,"home.html"
"Commentaires sur l","",2,"cartographie/evaluation.html, cartographie/evaluation copie.html"
"Confirm Final Evaluation","",2,"cartographie/evaluation_triphase copie.html, cartographie/evaluation_triphase.html"
"Confirmée","",2,"cartographie/risque_detail.html"
"Consultation permission","",2,"super_admin/formules/editer.html"
"Context and description","",2,"audit/edit_audit.html"
"Create a recommendation","",2,"audit/detail_audit copie.html"
"Create direction","",2,"admin/directions.html"
"Create the environment","",2,"super_admin/modals/client_modals.html"
"Creation of recommendation","",2,"audit/journal.html"
"Critères:","",2,"cartographie/evaluation_triphase copie.html, cartographie/evaluation_triphase.html"
"Création","",2,"admin/utilisateurs_super_admin.html"
"Créer","",2,"audit/detail.html"
"Customer satisfaction","",2,"landing.html"
"Data management","",2,"admin/nouveau_template.html"
"Date Application","",2,"veille/liste.html"
"Date début:","",2,"questionnaire/detail_reponse.html, questionnaire/editer.html"
"Deletable","",2,"kri/archives.html"
"Describe the regulatory or normative requirement","",2,"audit/matrice_maturite.html"
"Différence","",2,"super_admin/upgrade.html"
"Discover the modules that make the difference for your organization","",2,"home copie 3.html"
"Documentary information","",2,"cartographie/risque_detail.html"
"Données JSON","",2,"logigramme/editeur_logigramme.html, logigramme/editeur_logigramme copie 4.html"
"Durée","",2,"questionnaire/reponses.html"
"Dédié","",2,"super_admin/modals/client_modals.html"
"Dépendances","",2,"audit/gantt.html"
"Désactiver","",2,"questionnaire/liste.html"
"Désactivé","",2,"super_admin/formules/editer.html"
"Désactivée","",2,"super_admin/formules/editer.html"
"Détail","",2,"audit/form_audit.html"
"Détails :","",2,"audit/detail_audit.html"
"Edit measurement","",2,"kri/detail.html"
"Edit my information","",2,"utilisateur/profil.html"
"Edit requirement","",2,"audit/matrice_maturite.html"
"Edit sub-action","",2,"audit/detail_plan_action.html"
"Entité","",2,"admin/journal_activite.html"
"Exceptional, almost impossible","",2,"cartographie/evaluation.html, cartographie/evaluation copie.html"
"Excessive subjectivity in assessment","",2,"cartographie/evaluation_triphase copie.html, cartographie/evaluation_triphase.html"
"FAIBLE","",2,"cartographie/detail copie 2.html"
"Feature not available","",2,"errors/formule_restricted.html"
"File configuration","",2,"admin/parametrage/parametrage_risque.html"
"First assessment","",2,"cartographie/risque_detail.html, cartographie/risque_detail copie.html"
"First select a direction","",2,"cartographie/form.html"
"Formula or method of calculation","",2,"kri/form.html"
"Formulas available","",2,"super_admin/upgrade.html"
"Full description","",2,"logigramme/archive_logigrammes.html"
"General administration","",2,"admin/nouveau_template.html"
"Général","",2,"super_admin/formules/editer.html"
"Human Resources Department","",2,"admin/service_form.html, admin/direction_form.html"
"Illimité","",2,"landing.html"
"Immediate action","",2,"kri/form.html"
"Impact élevé","",2,"veille/liste.html"
"In preparation","",2,"audits.html"
"Inactive","",2,"super_admin/formules/liste.html"
"Incomplete assessment","",2,"cartographie/risque_detail.html, cartographie/risque_detail copie.html"
"Information from Management","",2,"admin/direction_form.html"
"Informatique","",2,"audit/checklist.html"
"Initial risk identification","",2,"cartographie/evaluation_triphase copie.html, cartographie/evaluation_triphase.html"
"Intelligent Automation","",2,"home copie 3.html"
"KRI Associé","",2,"cartographie/evaluation_triphase copie.html, cartographie/evaluation_triphase.html"
"KRI créés","",2,"utilisateur/profil.html"
"Last measurement","",2,"cartographie/evaluation_triphase copie.html, cartographie/evaluation_triphase.html"
"Légal","",2,"home copie 3.html"
"Mandatory question","",2,"questionnaire/editer.html"
"Module inactive","",2,"super_admin/formules/editer.html"
"Module lié","",2,"super_admin/formules/editer.html"
"Médiane","",2,"questionnaire/stats.html"
"NLP Avancé","",2,"home copie 3.html"
"Navigation","",2,"base.html"
"New Assessment","",2,"cartographie/risque_detail.html, cartographie/risque_detail copie.html"
"New Management","",2,"admin/directions.html, admin/direction_form.html"
"New question","",2,"questionnaire/editer.html"
"No active action","",2,"veille/liste.html"
"No active direction","",2,"admin/directions.html"
"No active subscription","",2,"super_admin/formules/editer.html"
"No audit available","",2,"rapports_audit.html"
"No description available","",2,"veille/detail_veille.html"
"No environment","",2,"super_admin/client_detail.html"
"No fields in this section","",2,"admin/parametrage/parametrage_champs.html"
"No late action","",2,"dashboard copie.html"
"No listeners available","",2,"audit/form_audit.html"
"No maps available","",2,"cartographie/choisir_cartographie.html"
"No scheduled action","",2,"veille/calendrier.html"
"Nom de l","",2,"audit/form_audit.html, audit/edit_audit.html"
"Nom du Plan","",2,"audit/plans_action.html"
"Nom du plan","",2,"audit/detail.html"
"Non-sync permission","",2,"super_admin/formules/editer.html"
"Nos Clients","",2,"public/clients.html"
"Option","",2,"questionnaire/stats.html"
"Opérations","",2,"veille/liste.html"
"Overview of your risk management","",2,"dashboard copie 2.html"
"PDF Current Assessment","",2,"cartographie/evaluation_triphase copie.html, cartographie/evaluation_triphase.html"
"PROGRESSION","",2,"audits.html"
"Par défaut","",2,"admin/templates_permissions.html"
"Paramétrage","",2,"base.html"
"Partagé","",2,"super_admin/modals/client_modals.html"
"Permission","",2,"super_admin/formules/editer.html"
"Plan Information","",2,"audit/detail_plan_action.html"
"Plus récent","",2,"audit/notifications.html"
"Potential impacts on the organization","",2,"cartographie/risque_form.html"
"Previous page","",2,"errors/404.html, errors/500.html"
"Privé","",2,"questionnaire/liste.html"
"Production","",2,"audit/checklist.html"
"Pré-éval","",2,"cartographie/risque_detail.html"
"Préférences","",2,"notifications/preferences.html, notifications/liste.html"
"Prénom","",2,"audit/detail_audit.html, audit/detail_audit copie 2.html"
"Prêt à","",2,"home.html, home copie 3.html"
"Quick Connection","",2,"landing.html"
"Recommandé","",2,"errors/formule_restricted.html"
"Requires immediate action","",2,"kri/form.html, kri/modifier.html"
"Risk Assessment","",2,"cartographie/evaluation.html, cartographie/evaluation copie.html"
"Risk Identification","",2,"cartographie/risque_form copie.html"
"Risk Information","",2,"cartographie/matrice_risque.html, cartographie/matrice_risque copie.html"
"Risk distribution","",2,"cartographie/detail copie 3.html"
"RÉPONSES","",2,"questionnaire/liste.html"
"Réactiver","",2,"super_admin/client_detail.html, super_admin/clients.html"
"Réponses","",2,"questionnaire/liste.html"
"Rôle *","",2,"admin/editer_utilisateur.html"
"Rôle:","",2,"admin/utilisateurs_super_admin.html"
"Rôles","",2,"super_admin/formules/editer.html"
"Santé","",2,"landing.html"
"Save Assessment","",2,"cartographie/evaluation.html, cartographie/evaluation copie.html"
"Save the Pre-assessment","",2,"cartographie/evaluation_triphase copie.html, cartographie/evaluation_triphase.html"
"Secure environment • Demo data • No obligation","",2,"home copie 2.html, home copie.html"
"Secure environment • Test data • Premium support • No obligation","",2,"home.html, home copie 3.html"
"See our platform in action","",2,"home copie.html"
"See the recommendation","",2,"audit/notifications.html"
"Select an option","",2,"questionnaire/repondre.html"
"Service Information","",2,"admin/service_form.html"
"Session","",2,"super_admin/control_panel.html"
"Single selection","",2,"admin/parametrage/parametrage_risque.html"
"Solution","",2,"home copie 3.html"
"Sous-état","",2,"audit/edit_audit.html"
"Stockage","",2,"super_admin/modals/client_modals.html"
"Summary by Direction","",2,"rapports/index.html"
"Super Admin Management","",2,"super_admin/management.html"
"Superior plans available","",2,"errors/formule_restricted.html"
"Supporting comment","",2,"kri/detail.html"
"Sur mesure","",2,"home copie 2.html"
"Systematic overestimation","",2,"cartographie/evaluation_triphase copie.html, cartographie/evaluation_triphase.html"
"Système","",2,"admin/parametrage/parametrage_fichiers.html"
"TITLE & DESCRIPTION","",2,"audits.html"
"Tapez ""SUPPRIMER"" pour confirmer :","",2,"audit/edit_audit.html"
"Technical information","",2,"super_admin/client_detail.html"
"Temps Réel","",2,"home.html, home copie 3.html"
"The flowcharts you archive will appear in this section","",2,"logigramme/archive_logigrammes.html"
"Tips for Quality Assessment","",2,"cartographie/evaluation_triphase copie.html, cartographie/evaluation_triphase.html"
"Title & Description","",2,"veille/liste.html"
"Triphase Assessment","",2,"cartographie/evaluation_triphase copie.html, cartographie/evaluation_triphase.html"
"Type of Association","",2,"audit/detail_audit.html"
"Types of checklists available","",2,"audit/checklist.html"
"Tâche","",2,"audit/gantt.html"
"Une copie exacte sera créée avec le statut ""inactif"".","",2,"questionnaire/liste.html"
"VISIBILITÉ","",2,"questionnaire/liste.html"
"Validate the Assessment","",2,"cartographie/evaluation_triphase copie.html, cartographie/evaluation_triphase.html"
"Validation and adjustment","",2,"cartographie/evaluation_triphase copie.html, cartographie/evaluation_triphase.html"
"Validée","",2,"cartographie/risque_detail.html"
"Visualization","",2,"veille/rapport.html"
"Voir le KRI","",2,"cartographie/evaluation_triphase copie.html, cartographie/evaluation_triphase.html"
"Votre nom","",2,"home.html, home copie 3.html"
"Vous-même","",2,"super_admin/management.html"
"You can modify your personal information","",2,"gestionnaire/editer_utilisateur.html, client_admin/editer_utilisateur.html"
"Your information","",2,"questionnaire/repondre.html"
"non_applicable","",2,"audit/matrice_maturite.html"
"ÉLEVÉ","",2,"cartographie/detail copie 2.html"
"Échelle","",2,"questionnaire/editer.html"
"Échelle max","",2,"questionnaire/editer.html"
"Échelle min","",2,"questionnaire/editer.html"
"Évaluation","",2,"questionnaire/editer.html"
"• Collegial validation","",2,"cartographie/evaluation_triphase copie.html, cartographie/evaluation_triphase.html"
"• Complete documentation","",2,"cartographie/evaluation_triphase copie.html, cartographie/evaluation_triphase.html"
"• Final consolidation","",2,"cartographie/evaluation_triphase copie.html, cartographie/evaluation_triphase.html"
"• Reporting integration","",2,"cartographie/evaluation_triphase copie.html, cartographie/evaluation_triphase.html"
"● Archivées","",2,"veille/detail_veille.html"
"● Terminées","",2,"veille/detail_veille.html"
"● À faire","",2,"veille/detail_veille.html"
"""Clean old"" supprime les KRI archivés depuis plus de 90 jours.","",1,"kri/archives.html"
"""L'excellence de cette solution se voit dans chaque détail.                              Une véritable différence pour notre gouvernance d'entreprise.""","",1,"home copie 3.html"
"""La plateforme a transformé notre approche du contrôle interne.                              L'interface est d'une élégance rare et les fonctionnalités sont exceptionnelles.""","",1,"home copie 3.html"
"""La plateforme a transformé notre approche du contrôle interne.                              La cartographie des risques et les indicateurs KRI nous ont permis d'anticiper les problèmes avant qu'ils ne surviennent.""","",1,"home.html"
"""Une solution qui allie parfaitement design élégant et fonctionnalités puissantes.                              Le service client est exceptionnel.""","",1,"home copie 3.html"
"1 - Faible","",1,"audit/detail_audit copie.html"
"3D visualization","",1,"landing.html"
"5 - Critique","",1,"audit/detail_audit copie.html"
"50GB of storage","",1,"home copie 2.html"
"5GB of storage","",1,"home copie 2.html"
"ARCHIVÉ","",1,"logigramme/archive_logigrammes.html"
"Access and permission management","",1,"audit/checklist.html"
"Account information","",1,"super_admin/my_profile.html"
"Accounting department","",1,"admin/service_form.html"
"Accès","",1,"landing.html"
"Accès Sécurisé | FK Corporate Intelligence Group","",1,"auth/login_fullscreen.html"
"Accès:","",1,"questionnaire/editer.html"
"Activé le","",1,"super_admin/client_detail.html"
"Add a comment","",1,"veille/liste.html"
"Add a new action","",1,"veille/liste.html"
"Add the first sub-action","",1,"audit/detail_plan_action.html"
"Additional information","",1,"cartographie/risque_detail.html"
"Advanced configuration","",1,"questionnaire/nouveau.html"
"Alerts Requiring Attention","",1,"dashboard copie 2.html"
"All risks will be updated with new management/department","",1,"cartographie/form.html"
"Archivées","",1,"veille/detail_veille.html"
"Are you sure you want to delete le fichier ""","",1,"audit/rapports.html"
"Arrêté","",1,"veille/form.html"
"Automated documentation","",1,"landing.html"
"Campaign evaluation","",1,"cartographie/evaluer_tous.html"
"Cash management","",1,"audit/checklist.html"
"Category Description","",1,"questionnaire/editer.html"
"Ce risque apparaîtra dans l'onglet ""Associated Risks"" de l'audit","",1,"audit/detail_audit.html"
"Check a customer's usage","",1,"super_admin/control_panel.html"
"Clôturer","",1,"cartographie/detail.html"
"Color Customization","",1,"admin/parametres_evaluation.html"
"Commentaires internes pour l","",1,"audit/detail_audit.html"
"Company image","",1,"cartographie/risque_form copie.html"
"Conflict management","",1,"audit/checklist.html"
"Covers all risks of a management","",1,"cartographie/form.html"
"Create the first environment","",1,"super_admin/client_detail.html"
"Créateur","",1,"cartographie/archives.html"
"Créé par","",1,"questionnaire/lien.html"
"Créée par :","",1,"veille/detail_veille.html"
"Current configuration","",1,"admin/parametrage/parametrage_risque.html"
"Data protection","",1,"audit/checklist.html"
"Debug information","",1,"super_admin/control_panel.html"
"Description de l","",1,"veille/liste.html"
"Direction of evaluation","",1,"kri/detail.html"
"Directive","",1,"veille/form.html"
"Durée:","",1,"questionnaire/detail_reponse.html"
"Déconnexion","",1,"base.html"
"Décret","",1,"veille/form.html"
"Décrivez brièvement l","",1,"logigramme/nouveau_logigramme.html"
"Décrivez l","",1,"kri/form.html"
"Délai :","",1,"audit/detail_audit.html"
"Délimitation du périmètre d","",1,"audit/form_audit.html"
"Error loading configuration","",1,"cartographie/risque_detail.html"
"Ex: Mettre en place un suivi régulier des plans d","",1,"admin/recommandations_globales.html"
"Ex: Risk mapping - Financial Department","",1,"cartographie/form.html"
"Expire le","",1,"super_admin/client_detail.html"
"File Configuration","",1,"admin/parametrage/parametrage_fichiers.html"
"Financial Department","",1,"admin/direction_form.html"
"Fixed asset management","",1,"audit/checklist.html"
"Force synchronization","",1,"admin/gerer_permissions.html"
"Full customization","",1,"home copie 2.html"
"General Conclusion","",1,"audit/rapport_complet.html"
"General Management","",1,"admin/direction_form.html"
"Generate the Bordeaux table","",1,"cartographie/form copie.html"
"Gravité :","",1,"audit/detail_audit.html"
"Gravité:","",1,"audit/configurations.html"
"Gérer","",1,"audit/rapport_complet.html"
"IT Department","",1,"admin/service_form.html"
"IT security, infrastructure, development","",1,"audit/checklist.html"
"Immédiat (>1 mois)","",1,"audit/detail_audit.html"
"Impact Élevé","",1,"veille/liste.html"
"Import a configuration","",1,"admin/parametrage/parametrage_risque.html"
"Import configuration","",1,"admin/parametrage/parametrage_risque.html"
"Improve subscription","",1,"client_admin/usage.html"
"Incident management","",1,"audit/checklist.html"
"Indépendant","",1,"kri/liste.html"
"Intelligent anomaly detection","",1,"home copie 3.html"
"Key Information","",1,"audit/dashboard.html"
"Laisser ""Sans client"" pour les super admins","",1,"super_admin/editer_utilisateur.html"
"Legal Department","",1,"admin/service_form.html"
"Les catégories ""Document"", ""Image"", ""Analyse"" et ""Autre"" sont des catégories système et ne peuvent pas être supprimées.","",1,"admin/parametrage/parametrage_fichiers.html"
"Les drop-down lists sont utilisées pour les champs de type ""select"", ""multiselect"" et ""radio"".","",1,"admin/parametrage/parametrage_listes.html"
"Make sure the code is unique","",1,"questionnaire/importer.html"
"Manage my subscription","",1,"public/pricing.html"
"Managers have access to complete risk management","",1,"gestionnaire/creer_utilisateur.html"
"Measuring customer satisfaction","",1,"audit/checklist.html"
"Mes données","",1,"super_admin/control_panel.html"
"Mode ""Mes données""","",1,"super_admin/control_panel.html"
"Modifié","",1,"logigramme/liste_logigrammes.html"
"Modèle IA:","",1,"audit/resultat_analyse_ia.html"
"Mon profil","",1,"base.html"
"Métadonnées","",1,"kri/detail.html"
"Méthode:","",1,"errors/500.html"
"Name of management","",1,"admin/direction_form.html"
"Nettoyage","",1,"cartographie/risques_archives.html"
"New Audit Configuration","",1,"audit/form_configuration.html"
"New Configuration","",1,"audit/configurations.html"
"New assessment","",1,"cartographie/risque_detail.html"
"New sub-action","",1,"audit/detail_plan_action.html"
"No details available","",1,"audit/journal.html"
"No quick actions available","",1,"base.html"
"Non modifiable sur votre propre compte","",1,"client_admin/editer_utilisateur.html"
"Objectifs spécifiques de cette campagne d","",1,"cartographie/nouvelle_campagne.html"
"Parameters Evaluation","",1,"base.html"
"Paramètres","",1,"questionnaire/lien.html"
"Pattern recognition","",1,"home copie 3.html"
"Payroll administration","",1,"audit/checklist.html"
"Permanent deletion","",1,"logigramme/archive_logigrammes.html"
"Permissions information","",1,"admin/utilisateurs_readonly.html"
"Plein écran","",1,"cartographie/matrice_risque.html"
"Priorité :","",1,"audit/detail_audit.html"
"Process documentation","",1,"audit/checklist.html"
"Périmètre","",1,"audit/form_audit.html"
"Période :","",1,"veille/calendrier.html"
"Quality Department","",1,"admin/service_form.html"
"Quality processes, certifications, continuous improvement","",1,"audit/checklist.html"
"Quality risk management","",1,"audit/checklist.html"
"Question","",1,"questionnaire/editer.html"
"Questionnaire Management","",1,"questionnaire/liste.html"
"Questionnaire information","",1,"questionnaire/lien.html"
"Recommendations for continuous improvement","",1,"audit/rapport_complet.html"
"Related recommendation","",1,"audit/rapport_complet.html"
"Respondent Information","",1,"questionnaire/detail_reponse.html"
"Response information","",1,"questionnaire/detail_reponse.html"
"Responsible for coordination","",1,"audit/form_audit.html"
"Restore this action","",1,"veille/archives_actions.html"
"Return to home page","",1,"auth/login_fullscreen.html"
"Risk Management","",1,"gestionnaire/gerer_permissions.html"
"Risk prediction","",1,"landing.html"
"Risks Requiring Immediate Attention","",1,"dashboard copie 2.html"
"Réalisation","",1,"audit/rapport_complet.html"
"Réponses:","",1,"questionnaire/detail_reponse.html"
"Réputation:","",1,"cartographie/risque_form copie.html"
"Sales Management","",1,"admin/direction_form.html"
"Save configuration","",1,"admin/parametrage/parametrage_fichiers.html"
"Secure storage","",1,"admin/parametrage/parametrage_risque.html"
"Select the person responsible for this department","",1,"admin/direction_form.html"
"Set a realistic estimated duration","",1,"questionnaire/nouveau.html"
"Staff assessment","",1,"audit/checklist.html"
"Start the assessment","",1,"cartographie/detail.html"
"Summary of the Recommendation","",1,"audit/detail_audit.html"
"Super Admin - User Management","",1,"admin/utilisateurs_super_admin.html"
"Super admin management","",1,"super_admin/my_profile.html"
"Swagger Documentation","",1,"landing.html"
"Synthèse","",1,"rapports_audit.html"
"System administration","",1,"admin/gerer_permissions.html"
"Sécurité :","",1,"super_admin/client_detail.html"
"Technical Direction","",1,"admin/direction_form.html"
"Test fields after creation","",1,"admin/parametrage/parametrage_risque.html"
"Texte de l","",1,"questionnaire/editer.html"
"The customer must change their password upon first connection","",1,"super_admin/client_detail.html"
"The name cannot be changed after creation","",1,"super_admin/client_detail.html"
"Training and development","",1,"audit/checklist.html"
"Tâches","",1,"audit/rapport_complet.html"
"Unlimited storage","",1,"home copie 2.html"
"Unsynchronized permission","",1,"super_admin/formules/editer.html"
"Utilisez le","",1,"admin/parametrage/parametrage_risque.html"
"Validité","",1,"landing.html"
"View their information","",1,"admin/utilisateurs_readonly.html"
"View/edit comment","",1,"veille/liste.html"
"Visibilité","",1,"questionnaire/lien.html"
"Voir dans l","",1,"audit/dashboard.html"
"Voir/Éditer","",1,"gestionnaire/utilisateurs.html"
"Votre nom d","",1,"login.html"
"Votre vue:","",1,"includes/client_view_selector.html"
"Warning: Dangerous action","",1,"cartographie/archives.html"
"approprié","",1,"admin/parametrage/parametrage_risque.html"
"creation_constatation","",1,"audit/journal.html"
"creation_plan_action","",1,"audit/journal.html"
"creation_recommandation","",1,"audit/journal.html"
"direction","",1,"cartographie/form.html"
"e.g. Human Resources Department","",1,"client_admin/creer_gestionnaire.html"
"ex: Risk Department","",1,"client_admin/creer_utilisateur.html"
"faible","",1,"veille/liste.html"
"fusion","",1,"admin/parametrage/parametrage_risque.html"
"graphique","",1,"kri/detail.html"
"modification_constatation","",1,"audit/journal.html"
"modification_plan_action","",1,"audit/journal.html"
"modification_recommandation","",1,"audit/journal.html"
"modules available","",1,"errors/formule_restricted.html"
"niveau_critique","",1,"cartographie/detail.html"
"nouveau_plan_action","",1,"audit/notifications.html"
"nouvelle_constatation","",1,"audit/notifications.html"
"nouvelle_recommandation","",1,"audit/notifications.html"
"obligatoire","",1,"admin/parametrage/parametrage_risque.html"
"privé","",1,"questionnaire/lien.html"
"process_management","",1,"super_admin/formules/editer.html"
"section","",1,"admin/parametrage/parametrage_risque.html"
"to be accessible","",1,"questionnaire/lien.html"
"validation","",1,"audit/journal.html"
"Âge","",1,"logigramme/archive_logigrammes.html"
"Échéance :","",1,"audit/detail_audit.html"
"Échéances","",1,"notifications/liste.html"
"État :","",1,"audit/dashboard.html"
